subject,
东亚各国开展区域经济合作各自优势,
朝鲜海峡的地理意义为：,
东亚地形对自然地理环境的影响,
我国东南种植茶叶的有利条件：,
1、日本农业相关,
2、从河流的长度、流域面积、水流速度、流量季节变化等方面，归纳日本河流的主要特征。 ,
3、说明日本河流在航运、水能利用方面的价值。,
4、一般而言，夏季日本太平洋沿岸河流径流量大于日本海沿岸河流，其原因是什么？而日本太平洋沿岸地区的水资源却显得较为紧张，原因又是什么？,
5、濑户内海沿岸地区河流在冬、夏季节的降水补给均比较少，解释其原因。,
6、日本的地形地质特征,
7、北海道渔场的形成,
8、日本工业主要集中在太平洋沿岸和濑户内海沿岸：,
9、日本东南海岸夏季多雨，西北海岸冬季多雪。,
10、烟威地区冬季大暴雪的原因是：,
11、日本把马六甲海峡称为海上生命线的原因为：,
1、东南亚的地形特点,
2、中南半岛(横断山区)山河相间，地表崎岖的地形特征成因是什么？,
3、气候 ,
4、昆曼公路穿越地区的自然环境特征。,
5、爪哇岛是世界上雷雨最多的地区之一，其原因是什么？(6分),
6、分析印度尼西亚渔业资源丰富的自然原因。(6分),
7、简述爪哇岛种植业可持续发展的主要措施。(8分),
8、简析洞里萨湖成为湄公河蓄水池的主要原因,
9、简析洞里萨湖湖面季节变化对种植业和渔业的影响。,
10、简析洞里萨湖鱼种繁多的原因。,
11、苏门答腊岛种植油棕的有利自然条件。,
12、中南半岛水稻种植业的区位优势：,
13、新加坡如何因地制宜发展经济？,
14、克拉地峡开凿的影响,
15、马六甲海峡的作用：,
16、泛亚铁路的区位条件？,
17、新加坡地理位置的重要性：,
18、我国与东南亚国家关于澜沧江系列开发的项目有：,
1、印度半岛的地形特征,
2、南亚热带沙漠的成因：,
3、印度河径流12～2月流量最低，3～6月水位上升快，7～9月流量最大，此后水位急剧下降，10月初水位开始平缓减退，分析印度河径流量呈上述变化的原因。 ,
4、印度河(恒河及雅鲁藏布江)每年有两个汛期，其河流水的来源各为：,
5、德干高原为热带季风气候，但其中部的天然植被为草原(其自然带为热带草原)，原因为：,
6、孟加拉国多风暴潮的原因：,
7、孟加拉国洪涝灾害的原因：,
8、南亚地区冬季气温比同纬度地区偏高原因？,
9、斯里兰卡南部人口稠密的原因,
10、中巴经济走廊交通建设（中巴两国计划建一条从巴基斯坦瓜达尔港到中国新疆喀什的中巴铁路），指出中巴铁路对我国经济发展的积极意义。,
11、印度为世界第一养牛大国，鲜奶及奶制品产量位居世界第一，印度乳牛业发达的原因为：,
12、加尔各答与孟买的区位条件：接近原料产地，海上交通便利。,
13、亚洲硅谷-班加罗尔（软件）-高新技术产业区位条件：,
14、制约印度经济发展的因素：人口膨胀，环境恶化，民族宗教关系复杂，自然灾害频繁，与周边邻国不和。,
1、中亚的气候特点及成因,
2、咸海面积不断萎缩的原因,
3、运用地理环境整体性原理，说明咸海面积萎缩对周围环境的影响,
4、乌兹别克斯坦棉花的种植条件,
5、运用地理环境整体性原理，分析说明乌兹别克斯坦棉花种植区水资源利用不当对地理环境产生的影响。,
6、从地理角度分析甲国（哈萨克斯坦）与中国开展经济合作的有利条件。（8分）,
6、从地理角度分析甲国（哈萨克斯坦）与中国开展经济合作的有利条件。（9分）,
6、从地理角度分析甲国（哈萨克斯坦）与中国开展经济合作的有利条件。（10分）,
7、修建中哈输油管道的重要意义有,
8、亚欧大陆桥的意义,
9、巴尔喀什湖：东部为咸水湖，西部为淡水湖,
伊朗高原冬夏温差小的原因,
拯救死海最好的方法是使约旦河动起来，但目前十分困难的原因是什么？,
约旦计划从距离死海较远的红海调水进入死海，不从地中海调水的原因为：,
从地理位置、气候、地形、自然资源等方面说明索马里半岛的地理环境特征：,
索马里半岛东侧索马里寒暖流成因：,
7月有浓雾的原因：,
12月份我国军舰出南海到索马里护航，从大气环流和气象条件两方面分析该季节对我国此次航行的有利影响：,
1、非洲的气候类型以赤道为对称轴呈带状南北对称分布。,
2、赤道地区的东非高原为什么是热带草原气候，而不是热带雨林气候？,
3、马达加斯加岛东侧热带雨林气候： ,
4、撒哈拉大沙漠面积广大的原因：,
5、维多利亚湖西侧降水远高于周边其他地区，其原因是什么？(6分),
6、近年来，肯尼亚的鲜花产业发展很快，鲜花出口量约占欧盟市场的三分之一。试分析肯尼亚的鲜花种植业有何优势条件？(3分),
6、近年来，肯尼亚的鲜花产业发展很快，鲜花出口量约占欧盟市场的三分之一。试分析肯尼亚的鲜花种植业有何优势条件？(4分),
7、非洲推广高产水稻种植将面临的限制性因素。,
8、坦噶尼喀湖鱼类资源丰富、特有物种多的形成原因。,
9、沙特阿拉伯气候干热特征的形成原因。,
10、沙特阿拉伯发展种植业的自然条件很差，但在首都利雅得附近却有大片的枣椰林分布。试推测其成因。（6分）,
11、海水淡化能源耗费大，成本较高。沙特阿拉伯是全球海水淡化产量最大的国家。简析沙特阿拉伯重视海水淡化的原因。（6分）,
12、阿斯旺水坝的利和弊 ,
13、发展科特迪瓦的工业，有人建议应大力发展木材出口加工业，你是否赞成？请说明理由。,
14、科特迪瓦最大城市阿比让，是西非著名的良港，也是邻近国家货物的转运港。咖啡、可可和木材等产品从这里出口到世界其他地区。阿比让的成为著名港口的原因。,
"15、尼日利亚是非洲人口最多的国家，拉各斯是尼日利亚旧都和最大港口。现为西非第一大城市。也是尼日利亚经济中心、金融中心、工业中心和物流中心，尼日利亚80% 的商贸活动集中在拉各斯。材料三：物流业是指物品从供应地向接受地的实体流动过程。物流业是将运输、储存、装卸、搬运、包装、流通加工、配送、信息处理等基本功能根据实际需要实施有机结合的活动的集合。
",
16、分析马达加斯达岛生物物种丰富且极为独特的原因,
17、补充盐度：,
1、与同纬度地区相比，欧洲西部因受北大西洋暖流及盛行西风的影响,
2、西欧温带海洋性气候面积广大的原因：,
3、西欧温带海洋性的差异,
4、地中海沿岸：,
5、西欧冰川地形广布，请举例说明：,
6、冰川对西部欧洲的影响,
7、西欧乳畜业发达的原因为：,
8、英国呈现“东耕西牧”的自然原因。,
9、西欧水运为什么发达？,
10、冰岛冰川和火山大范围并存的原因,
11、荷兰人在500多年前就发明了木鞋并流行至今，长期以来荷兰人喜欢木鞋反映了荷兰什么样的地理环境特征？（6分）,
12、鹿特丹被称为“欧洲的门户”的原因,
13、法国波尔多酒庄：分析种植在靠近河岸砾石层上葡萄质量高的原因。,
14、鲁尔区的兴衰（必修内容）,
1、俄罗斯东西气候差异及成因：,
2、俄罗斯奥伊米亚康冬季气温在北半球最低的原因：,
3、俄罗斯的沼泽形成也是套用这几个因素： ,
4、西西伯利亚平原沼泽广布的原因。,
5、顿河因其河水流动的声音很轻，比较安静，所以在世界上享有“静静的顿河”美誉，分析原因（8分）。,
6、克里米亚是黑海北部海岸的一个半岛。半岛的海岸线形成几个海湾和良好的天然港口。塞瓦斯托波尔的海军基地是俄罗斯唯一的暖水海军基地，是俄罗斯从黑海进入地中海，进而进入印度洋、大西洋的重要窗口。根据材料，从地理角度分析克里米亚半岛对俄罗斯的重要性。,
7、乌克兰成为“欧洲粮仓”的原因。,
8、简述北冰洋航线的重要经济意义。,
9、俄罗斯顿河流域农业地域类型为高品谷物农业的原因：,
10、乌拉尔山脉和缓起伏的原因为：,
11、俄罗斯和日本兴建工业区所考虑的主要区位因素各为：,
12、伏尔加河和叶尼塞河河流汛期特点为：,
13、俄罗斯提高森林覆盖率的措施为：,
1、北美地形对气候的影响： ,
2、北美大陆以温带大陆性气候为主的原因：,
3、北美东北部沿海地区气候与北半球同纬度其它大陆东岸有何差异？,
4、美国中东部降水的空间分布特点和形成原因。（4分）,
5、从大气环流的角度分析，美国太平洋沿岸降水北多南少的成因。（2分）,
6、分析美国东北部工业区高度发达的原因？ ,
7、分析美国农业生产的特点：,
"8、墨西哥中北部的农业地域类型主要为旱作农业,东南部沿海主要为热带种植园农业。从地形和气候角度,分析这种农业地域类型格局的成因。 ",
9、哥斯达黎加森林覆盖率为52％，其国土只占世界陆地面积的0.01％，但却拥有全球近4％的物种。说明哥斯达黎加物种丰富的原因。 ,
9、哥斯达黎加森林覆盖率为52％，其国土只占世界陆地面积的0.01％，但却拥有全球近5％的物种。说明哥斯达黎加物种丰富的原因。 ,
1、南美热带沙漠的成因：,
2、南美热带沙漠气候呈狭长分布的原因为：,
3、亚马逊流域城市稀少的原因为：,
4、亚马逊河流域的热带雨林对全球环境产生的影响为：,
5、利马既是著名的“无雨”城市， 同时又被人们称为气温宜人，气候潮湿，绿树繁花，风景秀丽的“花园城市”，试分析原因。（6分）,
6、(1)简述阿根廷地理位置特征及其意义。(8分),
"(2)从自然和人文两方面,分析潘帕斯草原成为世界著名牧区的有利条件。(8分)",
"(3)位于阿根廷南部的巴塔哥尼亚高原东临大西洋,但气候却十分干燥,分析其原因。(5分)",
8、委内瑞拉马拉开波湖湿热的原因,
9、巴西人口集中分布在东部沿海地带的原因：,
10、巴西首都从里约热内卢迁到巴西利亚的原因：,
11、亚马孙河口无三角洲的原因：,
12、巴（戈）塔巴尼亚荒漠成因：,
13、智利人口多分布于中部，而南北部少的原因：,
14、巴西西南部水能资源丰富的原因？,
1、从地理位置及自然条件分析澳大利亚动植物具有古老性和原始性的原因？,
2、澳大利亚大牧场放牧业的有利条件：,
3、澳大利亚气候呈半环状 分布：澳大利亚大陆地处热带和亚热带。降水从北、东、南三面向内陆作半环状递减，植物带也相应呈半环状分布，由沿海的森林带向内陆逐渐过渡为草原、荒漠。 ,
4、混合农业的优点,
5、澳大利亚墨累达令盆地上游修建水库大量取水用于灌溉，对该河流下游地区的影响为：,
6、针对墨累一达令盆地降水不足的现状，在该地区发展农业的应对措施为：,
1、南极 特点：酷寒、干燥、烈风。,
2、北冰洋范围内气温非常低的原因 ,
3、南极气温低于北极的原因？,
