name,relation,content
基础知识答案,包含,向东度数增大为东经度，向西度数增大为西经度。
基础知识答案,包含,(1)月球的正面永远都是向著地球，也有昼夜更替；
基础知识答案,包含,(2)无大气，故月球表面昼夜的温差大，陨石坑多，无声音、无风；
基础知识答案,包含,(3)月球表面有山脉、平原（即月海）、火山。
基础知识答案,包含,向北度数增大为北纬度，向南度数增大为南纬度。
基础知识答案,包含,互相平行的圆，赤道是最长的纬线圈，由此往两极逐渐缩短。
基础知识答案,包含,所有经线都是交于南北极点的半圆，长度都相等。
基础知识答案,包含,沿著自转方向增大的是东经，减小的是西经。
基础知识答案,包含,度数向北增大为北纬，向南增大为南纬。
基础知识答案,包含,20°W往东至160°E为东半球，20°W往西至160°E为西半球。
基础知识答案,包含,劣弧定律（例如东经80°在东经1°的东面，在西经170°的西面）
基础知识答案,包含,相同图幅，比例尺愈大，表示的范围愈小；比例尺愈小，表示的范围愈大。
基础知识答案,包含,一般情况，“上北下南，左西右东”；有指向标的地图，指向标的箭头指向北方；经纬网地图，经线指示南北方向，纬线指示东西方向。
基础知识答案,包含,同一幅图中等高线越密，坡度越陡；等压线越密，风力越大；等温线越密，温差越大。
基础知识答案,包含,等高线向高处凸出的地方为山谷，向低处凸出的地方为山脊。
基础知识答案,包含,等高线凸出方向与河流流向相反。
基础知识答案,包含,等温线凸出方向与洋流流向相同。
基础知识答案,包含,星云、恒星、流星、彗星、行星、卫星、星际空间的气体、尘埃等。
基础知识答案,包含,总星系——银河系（银河外星系）——太阳系——地月系
基础知识答案,包含,类地行星（水金地火）、巨行星（木土）、远日行星（天、海）。
基础知识答案,包含,稳定的光照条件、安全的宇宙环境、适宜的大气和温度、液态水。
基础知识答案,包含,光球(黑子)、色球(耀斑)、日冕(太阳风)。
基础知识答案,包含,黑子（标志）、耀斑（最激烈），太阳黑子的变化周期11年。
基础知识答案,包含,黑子--影响气候，耀斑-－电离层-－无线电通讯，带电粒子流――磁场――磁暴。
基础知识答案,包含,①维持地表温度，促进地球上水、大气、生物活动和变化的主要动力。
基础知识答案,包含,②太阳能是我们日常所用能源。
基础知识答案,包含,自西向东，北极上空俯视呈逆时针方向、南极上空俯视呈顺时针方向。
基础知识答案,包含,①线速度（由赤道向两极递减至0）
基础知识答案,包含,②角速度（除两极为0外，各地相等）
基础知识答案,包含,①恒星日（23h56m4s真正周期）
基础知识答案,包含,②太阳日（24时，昼夜更替周）
基础知识答案,包含,①昼夜更替
基础知识答案,包含,②不同经度不同的地方时
基础知识答案,包含,③水准运动物体的偏移（北右南左）
基础知识答案,包含,沿自转方向，黑夜向白天过渡为晨线，白天向黑夜过渡为昏线（晨昏线上太阳高度角为0度）。
基础知识答案,包含,晨昏线与经线重合-----春秋分；晨昏线与经线交角最大----夏至、冬至。
基础知识答案,包含,所求时间＝已知时间±区时差＋途中时间
基础知识答案,包含,以本初子午线（0°）时间为标准时，也称为格林尼治时间，也是零时区的区时。
基础知识答案,包含,零点经线往东至日界线（180°）为地球上的“今天”，往西至日界线为“昨天”。
基础知识答案,包含,自西向东越过日界线（不完全经过180°经线）日期减一天，自东向西越过日期加一天。
基础知识答案,包含,自然因素：①气象条件需要天气晴朗；②地球自转的初速度：取决於纬度和地势；③地形平坦开阔；
基础知识答案,包含,人文因素(地广人稀，交通便利，符合国防安全需要)：①太原：技术力量强；②酒泉：大陆性气候，晴天多；③西昌纬度低，发射初速度大；④海南文昌：纬度低，发射初速度大；海运便利。
基础知识答案,包含,1月初--近日点—速度快，7月初--远日点—速度慢
基础知识答案,包含,①昼夜长短的变化
基础知识答案,包含,②正午太阳高度的变化
基础知识答案,包含,③四季的更替
基础知识答案,包含,④五带的形成
基础知识答案,包含,①黄赤交角存在---太阳直射点的移动---昼夜长短和正午太阳高度的变化---四季；黄赤交角存在---太阳直射点的移动—气压带风带的季节移动—地中海气候、热带草原气候的形成。
基础知识答案,包含,②五带的划分界线：南北回归线之间为热带、回归线极圈之间为温带、极圈极点之间为寒带；
基础知识答案,包含,③若黄赤夹角变大，热带和寒带变大，温带变小；若黄赤夹角变小，热带和寒带变小，温带变大若黄赤交角为零，太阳永远直射赤道，全球昼夜平分，地中海气候、热带草原气候消失。
基础知识答案,包含,①由直射点向南北两侧递减；
基础知识答案,包含,②正午太阳高度的计算=90°—△（直射点与所求点的纬度间隔）；
基础知识答案,包含,"③夏至日北回归线以北地区正午高度角一年中最大值,南半球一年中最小值；冬至日南回归线以南地区正午高度角一年中最大值，北半球一年中最小值；"
基础知识答案,包含,④南北回归线之间的地区-----有两次直射机会---两次最大值；
基础知识答案,包含,⑤纬度越高，正午太阳高度角越小，楼房间距越大。
基础知识答案,包含,①太阳直射点在哪个半球，哪个半球昼长夜短，北半球夏季，太阳直射点在北半球，北半球的昼长夜短。
基础知识答案,包含,②太阳直射点向哪个半球移动，这个半球的昼就渐长，北半球6月22日昼最长，12月22日最短。
基础知识答案,包含,③南北回归线之间昼长最大值与正午太阳高度角最大值不在同一天出现，如海口市。
基础知识答案,包含,北半球夏半年，昼长夜短，越向北白昼越长（日出越早日落越晚），如北京＞上海＞广州北半球冬半年，昼短夜长，越向南白昼越长（日出越早日落越晚）。如海口＞广州＞上海。
基础知识答案,包含,日落时间—日出时间
基础知识答案,包含,12：00－昼长/2（或0：00＋夜长/2）
基础知识答案,包含,12：00＋昼长/2（或24：00－夜长/2）
基础知识答案,包含,地球是个不发光、不透明球体
基础知识答案,包含,地球自转的球体（自转速度周期影响昼夜温差变化）
基础知识答案,包含,地球倾斜的公转的球体—－直射点的移动、正午太阳高度、昼夜长短的变化
基础知识答案,包含,①随高度增加气温降低；
基础知识答案,包含,②大气对流运动（12km）显著；
基础知识答案,包含,③天气复杂多变。
基础知识答案,包含,①随高度增加温度升高；
基础知识答案,包含,②大气平稳，以水准运动为主，有利於高空飞行。
基础知识答案,包含,太阳辐射--地面增温--地面辐射--大气增温--大气（逆）辐射--大气保温
基础知识答案,包含,吸收、反射、散射
基础知识答案,包含,晴朗的天气、地势高空气稀薄，光照越强；我国太阳能的分布青藏高原最高，四川盆地最低。
基础知识答案,包含,强烈吸收地面长波辐射，并通过大气逆辐射把热量还给地面。
基础知识答案,包含,白天多云，气温不高（云层反射作用强）；夜晚多云，气温较高（大气逆辐射强）。
基础知识答案,包含,对流层气温随高度的增加而递减
基础知识答案,包含,①纬度分布：纬度越高，气温越低，我国热量最丰富的地区：海南岛
基础知识答案,包含,②海陆分布：夏季陆地＞海洋，冬季海洋＞陆地；
基础知识答案,包含,③气温高的地方，等温线向高纬凸出，反之，气温低的地方，等温线向低纬凸出。
基础知识答案,包含,①影响因素：海陆热力性质；地表植被水分状况；云雨多少。
基础知识答案,包含,②变化规律：内陆＞沿海，大陆性气候＞海洋性气候，裸地＞草地＞林地＞湖泊，晴天＞阴天。
基础知识答案,包含,(1)水准方向相邻地面热的地方——垂直气流上升――低气压（气旋）——阴雨
基础知识答案,包含,(2)水准方向相邻地面冷的地方——垂直气流下沉――高气压（反气旋）——晴朗
基础知识答案,包含,(3)垂直方向的气温气压分布：随海拔升高，虽然气温降低，但是空气变稀，气压降低。
基础知识答案,包含,(4)来自低纬的气流——暖湿
基础知识答案,包含,(5)来自高纬的气流——冷干
基础知识答案,包含,(6)来自海洋的气流——湿
基础知识答案,包含,(7)来自大陆的气流（离陆风）——干
基础知识答案,包含,(8)两种性质不同的气流相遇——锋面——阴雨、风
基础知识答案,包含,近地面，气温高，空气膨胀上升，地面形成低压；反之，气温低，近地面的空气收缩下沉，地面形成高压。
基础知识答案,包含,大气的水准运动叫风，水准气压梯度力是形成风的直接原因，等压线愈密风速愈大。
基础知识答案,包含,风的来向
基础知识答案,包含,①确定水准气压梯度力的方向：垂直於等压线并且由高压指向低压
基础知识答案,包含,②确定地转偏向力方向：与风向垂直，北半球右偏，南半球左偏
基础知识答案,包含,③近地面受磨擦力（方向与风向相反）的影响，风向与等压线斜交
基础知识答案,包含,①冷锋过境雨区在锋后，出现雨雪、降温天气。过境后，气压升高，气温骤降，天气转晴；
基础知识答案,包含,②暖锋过境雨区在锋前，多为连续性降水。过境后，气温上升，气压下降，天气转晴。
基础知识答案,包含,冷锋：如我国北方夏季的暴雨、冬季我国的寒潮、冬春季节出现的沙尘暴。
基础知识答案,包含,①气旋（低气压）垂直气流上升，天气阴雨。;
基础知识答案,包含,②反气旋（高气压）垂直气流下沉，天气晴朗。
基础知识答案,包含,①三圈环流（垂直分布）；
基础知识答案,包含,②气压带、风带（水准分布）；
基础知识答案,包含,③长城考察站红旗向西北飘，视窗要避开东南方向；黄河考察站红旗向西南飘，视窗要避开东北方向。
基础知识答案,包含,随太阳直射点的移动而移动。移动方向：就北半球而言，大致是夏季北移，冬季南移。
基础知识答案,包含,海陆热力差异使亚洲、太平洋中心随季节变化而变化的情况：夏季：亚洲大陆上形成亚洲低压，太平洋上形成夏威夷高压；冬季：亚洲大陆上形成亚洲高压，太平洋上形成阿留申低压。
基础知识答案,包含,太阳辐射、大气环流、下垫面、人类活动
基础知识答案,包含,①判断南北半球，
基础知识答案,包含,②判断热量带，
基础知识答案,包含,③判断雨型。
基础知识答案,包含,热带的四种气候类型：热带雨林气候、热带沙漠气候、热带季风气候、热带草原气候
基础知识答案,包含,亚热带气候类型：地中海气候、亚热带季风气候
基础知识答案,包含,温带气候类型：温带海洋性气候、温带季风气候、温带大陆性气候
基础知识答案,包含,大陆性气候气温的日较差、年较差大，气温最高月在7月，最低气温在1月。年降水量少。海洋性气候日较差、年较差小，最热月在8月、最冷月在2月，年降水量较多。
基础知识答案,包含,是指因暴雨洪涝、乾旱、台风、寒潮、大风沙尘、大（浓）雾、高温低温等因素直接造成的灾害。
基础知识答案,包含,全球变暖（温室效应CO2）、臭氧层破坏（氟氯烃消耗O3）、酸雨（SO2、NO2）。
基础知识答案,包含,①大量燃烧矿物燃料——大气中CO2增加——大气逆辐射增强。
基础知识答案,包含,②滥砍滥伐森林——光合作用减弱——CO2相对增多——大气逆辐射增强。
基础知识答案,包含,③大气逆辐射增强——温室效应——气温升高——全球热量带分布发生变化——经济结构发生调整（农业经济结构调整，中纬受损，高纬受益，使适宜种植业生产地域缩小，粮食减产。）
基础知识答案,包含,④极地冰山融化，沿海地区海海平面上升，沿海地区地下水水质变坏。
基础知识答案,包含,①通过光合作用保持大气中O2和CO2的平衡，净化空气；
基础知识答案,包含,②绿化植物和防护林可以调节气候、涵养水源、保持水土、防风固沙；
基础知识答案,包含,③城市绿地的作用是吸烟除尘、过滤空气、减轻污染、降低噪音、美化环境。
基础知识答案,包含,①按其发生领域分为海陆间大循环、内陆回圈和海上内回圈。
基础知识答案,包含,②水回圈的主要环节有：蒸发，水汽输送，降水，径流。
基础知识答案,包含,③它的重要意义在於：使淡水资源不断补充、更新，使水资源得以再生，维持全球水的动态平衡。
基础知识答案,包含,①以雨水补给为主的的河流其径流的变化与降雨量变化一致：a地中海气候为主的河流，其流量冬季最大；b季风气候为主河流，流量夏季最大;c温带海洋性与热带雨林气候河流流量全年变化小；
基础知识答案,包含,②以冰雪补给为主的河流其径流变化与气温关系密切：冰川融水补给为主的河流，其流量夏季最大；
基础知识答案,包含,③河流水地下水之间可相互补给，湖泊对河流径流起调蓄作用。
基础知识答案,包含,①我国东部河流以降水补给为主（夏汛型，东北春季有积雪融水）
基础知识答案,包含,②我国西北地方河流以冰雪融水补给为主（夏汛型，冬季断流）
基础知识答案,包含,①判断南北半球（越北越冷是北半球）
基础知识答案,包含,②洋流流向和海水等温线凸出方向一致：高温流向低温是暖流，反之是寒流。
基础知识答案,包含,太阳辐射（收入）、蒸发（支出）、洋流
基础知识答案,包含,定向风（地球上的风带）是形成洋流最基本的动力，风海流是最基本的洋流类型。
基础知识答案,包含,①中低纬度洋流圈北半球呈顺时针方向、南半球呈反时针方向。；
基础知识答案,包含,②北半球中高纬逆时针方向洋流圈；
基础知识答案,包含,③南半球40—60度海区形成西风漂流；
基础知识答案,包含,④北印度洋形成季风洋流，冬季逆时针，夏季顺时针。
基础知识答案,包含,①影响气候（暖流—增温增湿，寒流—减温减湿）
基础知识答案,包含,②影响海洋生物——渔场
基础知识答案,包含,③影响航海
基础知识答案,包含,④影响海洋污染
基础知识答案,包含,北海道、北海、纽芬兰渔场---寒暖流交汇；秘鲁渔场――上升流
基础知识答案,包含,①这里阳光集中，生物光合作用强；
基础知识答案,包含,②入海河流带来丰富的营养盐类，浮游生物繁盛，鱼饵丰富。
基础知识答案,包含,海洋灾害是指源于海洋的自然灾害：海啸和风暴潮。
基础知识答案,包含,海洋环境问题指源於人类活动的海洋生态破坏：海洋污染、海平面上升、赤潮
基础知识答案,包含,地壳（地表到莫霍介面）、地幔（莫霍面—古登堡面）、地核（古登堡面以下）
基础知识答案,包含,包括地壳和上地幔顶部（软流层之上）
基础知识答案,包含,岩浆岩（喷出岩和侵入岩）、沉积岩（层理构造、有化石）、变质岩。
基础知识答案,包含,岩浆冷却凝固→岩浆岩－外力→沉积岩－变质→变质岩－熔化→岩浆
基础知识答案,包含,①内力作用（地壳运动、岩浆活动、地震、变质作用）
基础知识答案,包含,②外力作用（风化、侵蚀、搬运、沉积、固结成岩）
基础知识答案,包含,褶皱（背斜、向斜），断层（上升岩块－地垒、下沉岩块－地堑）
基础知识答案,包含,外力侵蚀（在外力侵蚀作用之前背斜成山、向斜成谷），背斜顶部受张力，容易被侵蚀成谷地；向斜槽部受到挤压，岩性坚硬不易被侵蚀反而成为山岭。
基础知识答案,包含,庐山、泰山
基础知识答案,包含,东非大裂谷、河平原和汾河谷地
基础知识答案,包含,背斜（储油）、向斜（储水）、大型工程选址，应避开断层
基础知识答案,包含,①流水侵蚀——沟谷、峡谷、瀑布、黄土高原的千沟万壑的地表、溶洞（喀斯特地貌）弯曲的河道--凹岸侵蚀，凸岸沉积（港口宜建在凹岸）
基础知识答案,包含,②流水沉积——山麓冲积扇、河口三角洲、河流中下游冲积平原
基础知识答案,包含,③风力侵蚀——风蚀沟谷、风蚀洼地、蘑菇石、风蚀柱、风蚀城堡等
基础知识答案,包含,④风力沉积——沙丘、沙垄、沙漠边缘的黄土堆、黄土高原
基础知识答案,包含,陆地环境各要素（大气、水、岩石、生物、土壤、地貌）的相互联系、相互制约和相互渗透，构成陆地环境的整体性。例如我国西北地方各环境要素都体现出乾旱特徵。
基础知识答案,包含,①由赤道到两极的地域分异（热量）---――-纬度地带性
基础知识答案,包含,②从沿海到内陆的地域分异（水分）---－-经度地带性
基础知识答案,包含,③山地的垂直地域分异（水分和热量）-－--垂直地带性
基础知识答案,包含,①山地所处的纬度；
基础知识答案,包含,②山地的海拔；
基础知识答案,包含,③阳坡、阴坡；
基础知识答案,包含,④迎风、背风坡。
基础知识答案,包含,一是0℃等温线的海拔（阳坡、阴坡）
基础知识答案,包含,二是降水量的大小(迎风、背风坡)
基础知识答案,包含,海陆分布、地形起伏、洋流影响等。例如我国西北地方的绿洲。
基础知识答案,包含,地震、火山、滑坡和泥石流。
基础知识答案,包含,环太平洋带、地中海——喜马拉雅带
基础知识答案,包含,我国位於两大地震带中。
基础知识答案,包含,提高建筑物抗震强度；实施护坡工程，防止滑坡和崩塌；保护植被，改善生态环境。
基础知识答案,包含,天圆地方说、地圆说、地心说、日心说、大爆炸宇宙学说。
基础知识答案,包含,由各种形态的物质构成，在不断运动和发展变化。
基础知识答案,包含,星云、恒星、行星、卫星、彗星、流星体、星际物质。
基础知识答案,包含,天体之间因相互吸引和相互绕转，形成天体系统。
基础知识答案,包含,地月系－太阳系－银河系（河外星系）－总星系。
基础知识答案,包含,1.496亿千米
基础知识答案,包含,水金地火（小）、木土天海。
基础知识答案,包含,类地行星（水金地火）巨行星（木土）远日行星（天海）
基础知识答案,包含,光照条件、稳定的宇宙环境、适宜的大气温度、液态水。
基础知识答案,包含,氢和氦
基础知识答案,包含,核聚变反应 
基础知识答案,包含,维持地表温度，水循环、大气运动等的动力，人类的主要能源。
基础知识答案,包含,黑子（标志）、耀斑（最激烈）。
基础知识答案,包含,青藏高原（最高）、四川盆地（最低）
基础知识答案,包含,光球(黑子)、色球(耀斑)、日冕(太阳风)。
基础知识答案,包含,11年。
基础知识答案,包含,①影响气候
基础知识答案,包含,②影响短波通讯
基础知识答案,包含,③产生磁暴现象
基础知识答案,包含,新月、蛾眉月、上弦月、满月、下弦月、残月
基础知识答案,包含,上上西西（上弦月），下下东东（下弦月）
基础知识答案,包含,朔望两弦四相。
基础知识答案,包含,1957年10月，原苏联第一颗人造地球卫星上天。
基础知识答案,包含,1981年第一架航天飞机试航成功。
基础知识答案,包含,空间资源（高真空、强辐射、失重）、太阳能资源、矿产资源。
基础知识答案,包含,清除太空垃圾、加强国际合作。
基础知识答案,包含,6371千米
基础知识答案,包含,4万千米
基础知识答案,包含,西经20°和东经160°的经线圈
基础知识答案,包含, 以赤道为界，以北的为北半球，以南的为南半球。
基础知识答案,包含,23°26′和66°34′纬线 
基础知识答案,包含,0°经线，通过英国伦敦格林尼治天文台原址。
基础知识答案,包含,有限方向，北极为最北，南极为最南。
基础知识答案,包含,无限方向，沿着自转方向为向东，逆着自转方向为向西。
基础知识答案,包含,沿着自转方向增大的是东经，减小的是西经。
基础知识答案,包含,度数向北增大为北纬，向南增大为南纬。
基础知识答案,包含,自西向东。从地球北极上空观察，呈逆时针旋转。
基础知识答案,包含,恒星日，23小时56分4秒（真正周期）；太阳日，24小时。
基础知识答案,包含, 角速度（每小时15°），线速度（自赤道向两极递减）
基础知识答案,包含, 椭圆轨道。一月初（近日点），七月初（远日点）。 
基础知识答案,包含, 自西向东。从地球北极上空观察，呈逆时针旋转。
基础知识答案,包含,恒星年（365日6时9分10秒）、回归年365日5小时48分46秒
基础知识答案,包含,在近日点时公转速度较快，在远日点时较慢。
基础知识答案,包含,黄道平面与赤道平面的夹角，目前为23°26′。
基础知识答案,包含,太阳直射点以一年为周期相应地在南北回归线间往返移动
基础知识答案,包含,沿自转方向，黑夜向白天过渡为晨线，白天向黑夜过渡为昏线。
基础知识答案,包含,每往东1°，时刻增大4分钟。
基础知识答案,包含,经度除以15，再四舍五入。
基础知识答案,包含,每往东1个时区，时刻增大1个小时。
基础知识答案,包含,以东八区（120°地方时）为标准时间。
基础知识答案,包含,以本初子午线时间为标准时。
基础知识答案,包含,180°经线（理论上），不通过陆地（实际）。
基础知识答案,包含,昼夜更替、不同地方时、水平运动物体的偏移（北右南左）
基础知识答案,包含,与该点的切线方向垂直，地方时为12点。
基础知识答案,包含,（3月21日）太阳直射点在赤道，晨昏线与经线重合。
基础知识答案,包含,（6月22日）太阳直射点在北回归线，晨昏线与经线交角最大。
基础知识答案,包含,（9月23日）太阳直射点在赤道，晨昏线与经线重合。
基础知识答案,包含,（12月22日）太阳直射点在南回归线，晨昏线与经线交角最大。
基础知识答案,包含,3月21日至9月23日
基础知识答案,包含,9月23日至3月21日
基础知识答案,包含,上北下南，左西右东。
基础知识答案,包含,逆时针自转，中心为北极；顺时针自转，中心为南极。
基础知识答案,包含,以昼弧长度为依据，每15度为1小时。
基础知识答案,包含,根据昼长以标准日出（6时）和标准日落（18时）前后推算。
基础知识答案,包含,夏半年，越北白昼越长，冬半年，越南白昼越长。
基础知识答案,包含,90°-（直射点与所求点的纬度间隔）
基础知识答案,包含,一年内白昼最长、太阳最高的季节是夏季。
基础知识答案,包含,以立春(2月4日)、立夏、立秋、立冬为起点来划分四季。
基础知识答案,包含,以春分、夏至、秋分、冬至为四季的起点。
基础知识答案,包含,春雨惊春清谷天夏满芒夏暑相连秋处露秋寒霜降冬雪雪冬小大寒
基础知识答案,包含,热带、北温带、南温带、北寒带、南寒带。
基础知识答案,包含,正午太阳高度的变化、昼夜长短的变化、四季更替
基础知识答案,包含,保护生物生存，影响地球自然环境，维持生命活动
基础知识答案,包含,干洁空气、水汽和固体杂质
基础知识答案,包含,氮和氧，二氧化碳和臭氧
基础知识答案,包含,生命活动；构成生物体；吸收紫外线；光合、保温作用；成云致雨
基础知识答案,包含,二氧化碳的“温室效应”，氟氯烃破坏臭氧层
基础知识答案,包含,对流层、平流层（臭氧层）、高层大气（电离层）
基础知识答案,包含,上冷下热，对流显著，天气现象复杂多变。与人类的关系最密切
基础知识答案,包含,臭氧吸收紫外线。平流，对高空飞行有利，
基础知识答案,包含,太阳高度角
基础知识答案,包含,吸收、反射、散射。
基础知识答案,包含,物质的温度越高，辐射中最强部分的波长越短；反之越长。
基础知识答案,包含,是对流层大气主要的直接热源。
基础知识答案,包含,夜间有云较温暖，夜间晴朗较寒冷。
基础知识答案,包含,对流层大气中的水汽和二氧化碳对地面长波辐射吸收能力很强。
基础知识答案,包含,地球多年平均收入的热量与支出的热量是相等的。
基础知识答案,包含,各纬度间的冷热不均。
基础知识答案,包含,由于地面冷热不均而形成的空气环流。
基础知识答案,包含,水平气压梯度力。水平气压梯度力的方向和大小高压垂直指向低压。单位距离间气压差越大风力越大。
基础知识答案,包含,北半球向右偏，南半球向左偏。
基础知识答案,包含,由于受摩擦力的影响，风向与等压线并不平行，而是有个交角。
基础知识答案,包含,①高压垂直指向低压②北半球右偏南半球左偏
基础知识答案,包含,城市风、海陆风、山谷风
基础知识答案,包含,低压中心，高压中心。等压线越密集，风力越大。
基础知识答案,包含,调整全球水热分布，是各地天气变化和气候形成的重要因素。
基础知识答案,包含,东北信风、副高、中纬西风、副极地低压、极地东风、极地高压
基础知识答案,包含,大致来说，夏季北移，冬季南移。
基础知识答案,包含,亚洲高压、阿留申低压（太平洋）和冰岛低压（大西洋）
基础知识答案,包含,亚洲低压夏威夷高压（太平洋）亚速尔高压（大西洋）
基础知识答案,包含,①海陆热力性质差异②气压带和风带位置的季节移动
基础知识答案,包含,东亚季风（西北、东南风）；南亚季风（东北、西南风）。
基础知识答案,包含,冷锋、暖锋和准静止锋。气温、气压、天气。
基础知识答案,包含,北方夏季的暴雨（冷锋）、我国冬季爆发的寒潮（冷锋）
基础知识答案,包含,气温、降水量。
基础知识答案,包含,太阳辐射、大气环流、下垫面、人类活动。
基础知识答案,包含,热带（四种）、亚热带（两种）、温带（三种）、寒带（一种）
基础知识答案,包含,①判断南北半球，②判断热量带，③判断雨型。
基础知识答案,包含,"夏季炎热干燥,冬季温和多雨。受副高和西风交替控制。30-40西岸"
基础知识答案,包含,夏季高温多雨，冬季低温干燥。季风。40-60°大陆东岸。
基础知识答案,包含,冬暖夏凉，降水均匀。终年盛行西风。40-60°大陆西岸。
基础知识答案,包含,冬季严寒、夏季炎热、全年少雨。终年受大陆气团控制。温带内陆
基础知识答案,包含,地质时期、历史时期、19世纪末以来。
基础知识答案,包含,可再生，普遍存在性，数值特征，有较大的变率
基础知识答案,包含,种植制度（作物的结构、熟制、配置与种植方式）。
基础知识答案,包含,小区街道与子午线成30°-60°夹角。
基础知识答案,包含,工业企业布局在盛行风的下风向，居住区布局在盛行风的上风向
基础知识答案,包含,公路、铁路、机场（暴雨、泥石流、风速、桥涵、云雾、地势等）
基础知识答案,包含,热带低气压、热带风暴、强热带风暴、台风。
基础知识答案,包含,①充足的水汽②强烈上升运动③持续的天气系统
基础知识答案,包含,提高预报的准确率，采取工程措施和非工程措施。
基础知识答案,包含,造成粮食减产，人畜饮水困难，影响经济发展和社会安定。
基础知识答案,包含,改善生态、选择耐旱作物、开展水利建设、改进耕作制度等。
基础知识答案,包含,带来严寒、大风、霜冻。对春秋季的农作物危害最大。
基础知识答案,包含,提前发布准确的寒潮消息或警报。
基础知识答案,包含,①燃烧矿物燃料②毁林
基础知识答案,包含,①海平面上升②各地区降水和干湿状况的变化。
基础知识答案,包含,氟氯烃化合物消耗臭氧。
基础知识答案,包含,①直接危害人体健康②对生态环境和农林牧渔造成破坏。
基础知识答案,包含,①研制新型制冷系统②参与国际合作
基础知识答案,包含,燃烧煤、石油、天然气，排放二氧化硫和氧化氮等酸性气体。
基础知识答案,包含,①四川盆地②珠江三角洲③长江三角洲
基础知识答案,包含,①河湖水酸化，影响鱼类②土壤酸化③腐蚀建筑物④危及人体健康
基础知识答案,包含,减少人为硫氧化物和氮氧化物的排放。煤炭中的硫资源综合利用。
基础知识答案,包含,二氧化碳的“温室效应”，氟氯烃破坏臭氧层，酸雨。
基础知识答案,包含,海洋水量占地球总水量的96.53%海洋占地球71%。
基础知识答案,包含,从滨海平原到大陆架之间的广阔区域。
基础知识答案,包含,①很少干预②开始干预③海岸开发④海岸管理
基础知识答案,包含,太阳辐射
基础知识答案,包含,海水蒸发所消耗的热量。
基础知识答案,包含,太阳辐射、沿岸地形、气象、洋流等。
基础知识答案,包含,从赤道向两极递减。
基础知识答案,包含,表层海水温度变化较大，深层海水温度变化不大。
基础知识答案,包含,氯化钠、氯化镁
基础知识答案,包含,1000克海水中所含溶解的盐类物质的总量。
基础知识答案,包含,从南北半球的副热带海区分别向南北两侧递减。
基础知识答案,包含,降水量、蒸发量、洋流、河流淡水汇入（径流量）。
基础知识答案,包含,红海（亚非交界）
基础知识答案,包含,波罗的海（北欧附近）
基础知识答案,包含,波浪（风浪）、潮汐（大潮和小潮）、洋流
基础知识答案,包含,海水常年比较稳定地沿着一定方向作大规模的流动。
基础知识答案,包含,风海流、补偿流（大多南北向）、密度流（直布罗陀海峡）。
基础知识答案,包含,盛行风吹拂海面，推动海水随风漂流。
基础知识答案,包含,反气旋型。北半球为顺时针流动，南半球为反时针流动。
基础知识答案,包含,北半球中高纬是气旋型大洋环流，呈反时针方向流动。
基础知识答案,包含,冬逆夏顺。冬季洋流向西流，夏季洋流向东流。
基础知识答案,包含,北赤道暖流、日本暖流、北太平洋暖流、加利福尼亚寒流。
基础知识答案,包含,南赤道暖流、东澳大利亚暖流、西风漂流、秘鲁寒流。
基础知识答案,包含,南赤道暖流、厄加勒斯暖流、西风漂流、西澳大利亚寒流。
基础知识答案,包含,北赤道暖流、墨西哥湾暖流、北太西洋暖流、加那利寒流。
基础知识答案,包含,南赤道暖流、巴西暖流、西风漂流、本哥拉寒流。
基础知识答案,包含,①判断南北半球越北越冷是北半球②高高低低规律判断寒暖流
基础知识答案,包含,①气候
基础知识答案,包含,化学资源、生物资源、矿产资源、海洋能源。
基础知识答案,包含,
基础知识答案,包含,大陆架、河流带来营养物质、寒暖流交汇处或上升补偿流。
基础知识答案,包含,中国、日本。
基础知识答案,包含,北太平洋、东南太平洋、西北大西洋、东北大西洋、东南大西洋
基础知识答案,包含,利用地震波寻找。海上钻井平台、装油站、海底管道。
基础知识答案,包含,复杂性和特殊性（海洋气象多变、深海环境差、海水腐蚀性等）
基础知识答案,包含,交通运输、生产、通信、电力输送、储藏、文化娱乐。
基础知识答案,包含,马六甲、霍尔木兹、直布罗陀、英吉利、麦哲伦、白令、曼德等。
基础知识答案,包含,苏伊士运河、巴拿马运河、鹿特丹
基础知识答案,包含,港口的服务区域。
基础知识答案,包含,荷兰、日本、澳门。
基础知识答案,包含,海洋污染、海洋生态破坏。
基础知识答案,包含,
基础知识答案,包含,危害海洋生物，甚至危及人类的健康。
基础知识答案,包含,海岸工程建设、围海造田、过度捕捞、自然环境变化。
基础知识答案,包含,分散、沉降、吸收、围栏、放任、燃烧。
基础知识答案,包含,1994年11月16日正式生效。领海宽度、国际海底资源。
基础知识答案,包含,12海里，200海里。
基础知识答案,包含,地壳和上地幔顶部（软流层以上），是由岩石组成的，合称岩石圈
基础知识答案,包含,氧、硅、铝、铁、钙、钠、钾、镁。
基础知识答案,包含,单质或天然化合物。
基础知识答案,包含,由一种矿物或几种矿物组成的集合体。
基础知识答案,包含,有用矿物在地壳中或地表富集起来，达到工农业利用的要求。
基础知识答案,包含,石英、云母、长石、方解石。
基础知识答案,包含,岩浆岩（喷出岩和侵入岩）、沉积岩、变质岩。
基础知识答案,包含,玄武岩、花岗岩；砾岩、砂岩、页岩、石灰岩；大理岩、板岩。
基础知识答案,包含,冷却凝固→岩浆岩－外力→沉积岩－变质→变质岩－熔化→岩浆
基础知识答案,包含,引起地壳及其表面形态不断发生变化的作用。
基础知识答案,包含,内力作用、外力作用。
基础知识答案,包含,地壳运动、岩浆活动、变质作用
基础知识答案,包含,水平运动褶皱山系、裂谷海洋、升降运动（海陆变迁。
基础知识答案,包含,亚欧、非洲、美洲、太平洋、印度洋和南极洲板块。
基础知识答案,包含,张裂裂谷、海洋、相撞（海沟、岛弧链、海岸或褶皱山脉）
基础知识答案,包含,海岭和断层（大多在洋底）、海沟和造山带（大多在陆地边缘）
基础知识答案,包含,由地壳运动引起的地壳变形、变位。
基础知识答案,包含,褶皱（背斜、向斜），断层（上升岩块、下沉岩块）
基础知识答案,包含,背斜顶部因受张力，被侵蚀成谷地。向斜接受沉积物，成为山岭。
基础知识答案,包含,背斜（储油）、向斜（储水）、断层（隧道、水库）。
基础知识答案,包含,风化作用、侵蚀作用、搬运作用、沉积作用、固结成岩作用。
基础知识答案,包含,黄土高原、瀑布、峡谷、冲积扇、三角洲；风蚀洼地、沙丘等。
基础知识答案,包含,陆地上的淡水资源。
基础知识答案,包含,地表水（江河水、湖沼水、冰川）和地下水
基础知识答案,包含,大气降水。
基础知识答案,包含,冰川冰、内陆湖泊水、深层地下水
基础知识答案,包含,地表水、浅层地下水
基础知识答案,包含,埋藏在地下第一个隔水层之上的地下水。
基础知识答案,包含,埋藏在两个隔水层之间承受一定压力的地下水。
基础知识答案,包含,河流径量变化与降水量变化相一致。
基础知识答案,包含,蒸发、水汽输送、降水、径流。
基础知识答案,包含,①水量平衡②更新水资源③联系四大圈层④物质迁移⑤能量交换
基础知识答案,包含,光（喜光植物、喜阴植物）、热、水（森林、草原、荒漠）
基础知识答案,包含,莲（水生）、骆驼刺（旱生）、矮牵牛（二氧化硫）、树（风向）
基础知识答案,包含,把无机物（二氧化碳和水）合成为有机物（糖类），并释放出氧气
基础知识答案,包含,①物质迁移②能量流动③联系有机界和无机界
基础知识答案,包含,二氧化碳、甲烷、氢、氨和水汽。
基础知识答案,包含,①改造大气②改变陆地水③促成土壤形成④创造生物物质⑤环保
基础知识答案,包含,陆地表层具有一定肥力，能够生长植物的疏松表层。
基础知识答案,包含,联系有机界和无机界的中心环节。
基础知识答案,包含,矿物质、有机质、水分和空气。
基础知识答案,包含,供应和调节植物生长过程中所需的水分、养分、空气和热量的能力
基础知识答案,包含,矿物质（45）、有机质（5）、水分（20-30）和空气（20-30）。
基础知识答案,包含,是人类从事农业生产最基本的自然资源。
基础知识答案,包含,改造成土母质（有机质的积累、养分元素的富集）
基础知识答案,包含,①改良土壤②引起土壤退化
基础知识答案,包含,整体性（相互联系、相互制约、相互渗透）
基础知识答案,包含,热带、亚热带（常绿阔叶林和常绿硬叶林）、温带、寒带
基础知识答案,包含,①开发自然资源②生产与消费产品③排放废弃物④改造陆地环境
基础知识答案,包含,矿产资源、土地资源、水资源、生物资源。
基础知识答案,包含,①总量有限②潜力无限③分布的规律性④组成的整体性
基础知识答案,包含,常规能源、新能源（太阳能、地热能、核能）
基础知识答案,包含,震源、震中、震中距、等震线
基础知识答案,包含,环太平洋地震带和地中海－喜马拉雅地震带。
基础知识答案,包含,活火山、死火山、休眠火山。
基础知识答案,包含,斜坡上的岩体或土体，在重力作用下，沿一定的滑动面整体下滑。
基础知识答案,包含,山区爆发的特殊洪流，饱含泥沙、石块、砾石等。
基础知识答案,包含,①建立监测预警系统②加强管理③实施预防措施④开展宣传教育
基础知识答案,包含,①地域性②季节性和周期性
基础知识答案,包含,自然条件、劳动力、生产资料、科技
基础知识答案,包含,农、林、牧、副、渔（混合农业）
基础知识答案,包含,粗放农业、密集农业
基础知识答案,包含,自给农业、商品农业
基础知识答案,包含,市场（郊区农业）、交通运输（地域扩展）、政策（商品基地）
基础知识答案,包含,①培育良种②改良耕作制度③玻璃温室④修筑梯田⑤喷灌
基础知识答案,包含,①供求关系②保鲜冷藏技术③区域专业化生产
基础知识答案,包含,东亚、东南亚和南亚的季风区，以及东南亚的热带雨林区
基础知识答案,包含,①小农经营②单产高③机械化水平低④水利工程量大⑤科技水平
基础知识答案,包含,美国、澳大利亚、新西兰、阿根廷、南非
基础知识答案,包含,①气候温和，草类茂盛②地广人稀，土地租金低③距海港近
基础知识答案,包含,①培育良种②改善交通③开辟水源④种植饲料
基础知识答案,包含,生产规模大、机械化程度高
基础知识答案,包含,美国、加拿大、阿根廷、澳大利亚、俄罗斯、乌克兰
基础知识答案,包含,①自然条件②交通运输③地广人稀④工业基础⑤科技
基础知识答案,包含,谷物和牲畜混合农业
基础知识答案,包含,欧洲、北美、南非、澳大利亚、新西兰
基础知识答案,包含,①生态农业②有效利用时间安排农活③市场适应性好
基础知识答案,包含,土地、水源、劳动力、资金、能源、原料、科技
基础知识答案,包含,产品和三废
基础知识答案,包含,
基础知识答案,包含,①原料种类和利用率②劳动力的数量、体力、知识、技术
基础知识答案,包含,原料、燃料、劳动力、市场、交通运输、土地、水源、政府、技术
基础知识答案,包含,原料、市场、动力、廉价劳动力、技术指向型
基础知识答案,包含,①替代，减弱②吸引力，完善③通达，重要④自动化，劳动力素质。
基础知识答案,包含,①国防②政策③个人偏好④工业惯性
基础知识答案,包含,水污染（河流下游），风污染（下风向）
基础知识答案,包含,①横向一体化②纵向一体化③多样化
基础知识答案,包含,①由近及远扩张②由大市场至小市场扩张
基础知识答案,包含,①代理商②销售公司③组装公司④生产公司⑤研发机构⑥全球经济
基础知识答案,包含,①生产的联系②非生产的联系③信息的联系
基础知识答案,包含,①共享基础设施②交流协作③降低运费④扩大总体生产能力
基础知识答案,包含,①原料和产品的运输量小②全球范围内寻找最优区位
基础知识答案,包含,①自发形成②规划形成
基础知识答案,包含,①发育低（食品工业）②发育高(钢铁工业、石油化工、机械制造）
基础知识答案,包含,①煤炭资源丰富②铁矿区近③水源充沛④交通便捷⑤市场广阔
基础知识答案,包含,①生产结构单一②煤炭地位下降③钢铁过剩④新技术革命的冲击
基础知识答案,包含,①发展新兴工业②调整布局③改善交通④发展科技⑤消除污染
基础知识答案,包含,①中小企业②轻工业③生产分散④资本集中低⑤分散型工业化
基础知识答案,包含,①人员高水平②增长速度快③研发费用高④面向世界市场
基础知识答案,包含,①环境优美②气候宜人③教育发达④便捷交通⑤军事订货
基础知识答案,包含,人类为生存而聚居，居所由流动到稳定，逐步确立了乡村聚落。106.01
基础知识答案,包含,①圆形或多边形村落（少河的平原）②带状村落（沿河道）
基础知识答案,包含,①农业生产技术的创新②劳动分工促进了城市的出现
基础知识答案,包含,一些大河冲积平原，农耕业发展早的地区。
基础知识答案,包含,①美索不达米亚②尼罗河谷地③印度河谷地④黄河长江中下游
基础知识答案,包含,①大多数在平原②热带在高原③山区在谷地或低地
基础知识答案,包含,①波士顿-纽约-华盛顿②芝加哥-匹兹堡③旧金山-圣迭戈
基础知识答案,包含,①60°N以南的欧洲地区②东亚③美国东北部
基础知识答案,包含,①适度的降水，又有适中的气温②干旱、高寒、湿热区为稀少区
基础知识答案,包含,①大城市最多的省②没有大城市的省③与自然条件的关系
基础知识答案,包含,①供水②运输③军事防卫
基础知识答案,包含,①煤炭②铁矿③石油④有色金属
基础知识答案,包含,①现代：沿海、沿江、沿线②古代：河流、大道的汇合处
基础知识答案,包含,①经济中心②政治中心③军事中心④宗教中心
基础知识答案,包含,①军事、宗教(减弱)②交通、自然资源(一直)③旅游、科技(新)
基础知识答案,包含,指人口向城市集聚，乡村地区转变为城市地区的过程。
基础知识答案,包含,①带动区域经济发展②缩小城乡差别
基础知识答案,包含,①城市人口增加②城市人口比重上升③城市用地规模扩大
基础知识答案,包含,①产业革命前（缓慢）②二战前（加快）③二战后（空前）
基础知识答案,包含,①起步早②城市化水平高③出现逆城市化现象
基础知识答案,包含,①起步晚②城市化水平低③城市发展不合理
基础知识答案,包含,①环境质量下降②交通拥挤，居住条件差③就业困难
基础知识答案,包含,①建立卫星城，开发新区②改善交通和居住条件③治理环境
基础知识答案,包含,①铁路(量大)②公路(灵活)③水路(廉价)④航空(快)⑤管道(连续)
基础知识答案,包含,①西伯利亚大铁路(海参崴-莫斯科)②连云港-鹿特丹
基础知识答案,包含,①北大西洋②地中海、苏伊士运河③巴拿马运河④北太平洋
基础知识答案,包含,利用交通运输工具传递信函和包裹易受自然灾害影响。
基础知识答案,包含,利用电磁系统，传递符号、文字、图像和语言。易受地形影响。
基础知识答案,包含,①收购②储存、调运③销售
基础知识答案,包含,经济、社会（决定性因素）；技术、自然。
基础知识答案,包含,激活全国铁路网，带动沿线地区发展经济。
基础知识答案,包含,平原地区要少占好地，山区要避开条件复杂的地段。
基础知识答案,包含,内河航道网是由天然水系航道和人工运河组成的网络系统。
基础知识答案,包含,供船舶出入和停泊、货物和旅客集散的场所。
基础知识答案,包含,①自然条件(航行、停泊、筑港)②经济和社会条件腹地、城市)
基础知识答案,包含,与市内干道系统及对外交通有方便、直接的联系
基础知识答案,包含,①自然条件(地形、地质条件)②综合因素(用地、交通、环境)
基础知识答案,包含,①点线面结合②流动方向和数量经常变化③混合交通④占地多
基础知识答案,包含,①便利出行②节约用地③利用地形和水文条件④保护环境
基础知识答案,包含,①线路拥堵(合理规划)②环境污染(减少尾气技术、绿化、规划)
基础知识答案,包含,①利用电话、电报②利用计算机（声音、图像、文字和数字）
基础知识答案,包含,集电话、电视、电脑于一体，传输图、文、声、像等的通信网。
基础知识答案,包含,发展最快、作用最大、影响最广、公众关注程度最高的通信网络
基础知识答案,包含,①开展电子商务②提供各种远程服务③举行电子会议
基础知识答案,包含,商业活动的人流、商品流达到一定规模，就形成商业中心。
基础知识答案,包含,物资集聚、服务、商品流通。
基础知识答案,包含,①以市场最优为原则（城市几何中心）②交通最优为原则(沿线)
基础知识答案,包含,设在居民住宅区内。
基础知识答案,包含,出口工业制成品、资本、技术以及少数农产品，进口燃料和原料
基础知识答案,包含,出口农矿初级产品，出口商品种类单一，处于不利地位。
基础知识答案,包含,纽约、伦敦、苏黎世；巴黎、法兰克福、东京、香港。
基础知识答案,包含,①人类获取物质和能量②消费活动排放废弃物③环境反作用于人类
基础知识答案,包含,①环境污染②生态破坏
基础知识答案,包含,人类任意排放废弃物和有害物质，导致环境质量下降。
基础知识答案,包含,大气、水、土壤、固体废弃物、噪声、放射性、海洋污染等
基础知识答案,包含,由于人类对环境的破坏，谭老师地理工作室综合整理导致环境退化，从而影响人类生产和生活。
基础知识答案,包含,①滥伐森林②不合理灌溉③燃煤和使用消耗臭氧物质④过度捕猎
基础知识答案,包含,①发展和人口双重压力②经济和技术水平低③发达国家转移污染
基础知识答案,包含,①酸雨②国际河流污染③热带雨林的破坏④温室效应和臭氧层破坏
基础知识答案,包含,①产业革命前(缓慢)②二战前(加快)③二战后(猛长)④60年代放慢
